scored_at,city,event,day,model_hash,status
2026-10-06T23:48:51.836250+00:00,LAX,KXHIGHLAX-26OCT07,2026-10-07,b200c51ce4ee,scored
2026-10-06T23:48:51.836250+00:00,DEN,KXHIGHDEN-26OCT07,2026-10-07,b200c51ce4ee,scored
2026-10-07T20:00:00.696596+00:00,NY,KXHIGHNY-26OCT08,2026-10-08,b200c51ce4ee,scored
2026-10-07T20:00:00.696596+00:00,MIA,KXHIGHMIA-26OCT08,2026-10-08,b200c51ce4ee,scored
2026-10-07T20:00:00.696596+00:00,PHIL,KXHIGHPHIL-26OCT08,2026-10-08,b200c51ce4ee,scored
2026-10-08T00:12:28.251215+00:00,LAX,KXHIGHLAX-26OCT08,2026-10-08,b200c51ce4ee,scored
2026-10-08T20:08:14.922997+00:00,NY,KXHIGHNY-26OCT09,2026-10-09,b200c51ce4ee,scored
2026-10-08T20:08:14.922997+00:00,MIA,KXHIGHMIA-26OCT09,2026-10-09,b200c51ce4ee,scored
2026-10-08T20:08:14.922997+00:00,PHIL,KXHIGHPHIL-26OCT09,2026-10-09,b200c51ce4ee,scored
2026-10-08T21:08:22.287600+00:00,CHI,KXHIGHCHI-26OCT09,2026-10-09,b200c51ce4ee,scored
2026-10-08T21:08:22.287600+00:00,AUS,KXHIGHAUS-26OCT09,2026-10-09,b200c51ce4ee,scored
2026-10-08T22:08:23.039586+00:00,DEN,KXHIGHDEN-26OCT09,2026-10-09,b200c51ce4ee,scored
2026-10-08T23:14:16.010546+00:00,LAX,KXHIGHLAX-26OCT09,2026-10-09,b200c51ce4ee,scored
2026-10-09T20:02:18.903394+00:00,NY,KXHIGHNY-26OCT10,2026-10-10,b200c51ce4ee,scored
2026-10-09T20:02:18.903394+00:00,MIA,KXHIGHMIA-26OCT10,2026-10-10,b200c51ce4ee,scored
2026-10-09T20:02:18.903394+00:00,PHIL,KXHIGHPHIL-26OCT10,2026-10-10,b200c51ce4ee,scored
2026-10-09T22:49:30.626847+00:00,CHI,KXHIGHCHI-26OCT10,2026-10-10,b200c51ce4ee,scored
2026-10-09T22:49:30.626847+00:00,AUS,KXHIGHAUS-26OCT10,2026-10-10,b200c51ce4ee,scored
2026-10-09T22:49:30.626847+00:00,DEN,KXHIGHDEN-26OCT10,2026-10-10,b200c51ce4ee,scored
2026-10-09T23:19:31.552197+00:00,LAX,KXHIGHLAX-26OCT10,2026-10-10,b200c51ce4ee,scored
2026-10-10T23:33:40.838578+00:00,LAX,KXHIGHLAX-26OCT11,2026-10-11,b200c51ce4ee,scored
2026-10-10T23:33:40.838578+00:00,DEN,KXHIGHDEN-26OCT11,2026-10-11,b200c51ce4ee,scored
