scored_at,city,event,day,model_hash,ticker,bucket,side,price,contracts_intended,ev_per_contract,p_model,volume_at_read
2026-10-06T23:48:51.836250+00:00,LAX,KXHIGHLAX-26OCT07,2026-10-07,b200c51ce4ee,KXHIGHLAX-26OCT07-T83,0,no,0.99,132.0,0.003274104433586,0.993967104433586,2249.07
2026-10-06T23:48:51.836250+00:00,LAX,KXHIGHLAX-26OCT07,2026-10-07,b200c51ce4ee,KXHIGHLAX-26OCT07-B83.5,1,no,0.97,104.0,0.0076453820205238,0.9796823820205236,2930.56
2026-10-06T23:48:51.836250+00:00,LAX,KXHIGHLAX-26OCT07,2026-10-07,b200c51ce4ee,KXHIGHLAX-26OCT07-B85.5,2,no,0.9,24.0,0.0046431006799828,0.910943100679983,5490.1
2026-10-06T23:48:51.836250+00:00,DEN,KXHIGHDEN-26OCT07,2026-10-07,b200c51ce4ee,KXHIGHDEN-26OCT07-B82.5,2,yes,0.39,6.0,0.0093977491448951,0.4160507491448951,485.1
2026-10-06T23:48:51.836250+00:00,DEN,KXHIGHDEN-26OCT07,2026-10-07,b200c51ce4ee,KXHIGHDEN-26OCT07-B86.5,4,no,0.89,43.0,0.0120894559709673,0.9089424559709672,388.6
2026-10-06T23:48:51.836250+00:00,DEN,KXHIGHDEN-26OCT07,2026-10-07,b200c51ce4ee,KXHIGHDEN-26OCT07-T87,5,no,0.99,2.0,1.578611125996332e-05,0.99070878611126,265.15
2026-10-07T20:00:00.696596+00:00,NY,KXHIGHNY-26OCT08,2026-10-08,b200c51ce4ee,KXHIGHNY-26OCT08-B76.5,3,yes,0.23,19.0,0.0182612501365931,0.2606582501365931,1385.61
2026-10-07T20:00:00.696596+00:00,NY,KXHIGHNY-26OCT08,2026-10-08,b200c51ce4ee,KXHIGHNY-26OCT08-T72,0,no,0.99,123.0,0.003023657744514,0.993716657744514,728.05
2026-10-07T20:00:00.696596+00:00,NY,KXHIGHNY-26OCT08,2026-10-08,b200c51ce4ee,KXHIGHNY-26OCT08-B72.5,1,no,0.84,76.0,0.0289011954519141,0.8783091954519141,359.11
2026-10-07T20:00:00.696596+00:00,MIA,KXHIGHMIA-26OCT08,2026-10-08,b200c51ce4ee,KXHIGHMIA-26OCT08-B89.5,3,yes,0.47,50.0,0.0380473484522207,0.5254843484522207,776.78
2026-10-07T20:00:00.696596+00:00,MIA,KXHIGHMIA-26OCT08,2026-10-08,b200c51ce4ee,KXHIGHMIA-26OCT08-B85.5,1,no,0.98,70.0,0.004838346279831,0.9862103462798312,468.95
2026-10-07T20:00:00.696596+00:00,MIA,KXHIGHMIA-26OCT08,2026-10-08,b200c51ce4ee,KXHIGHMIA-26OCT08-T92,5,no,0.99,88.0,0.0028906398099405,0.9935836398099408,346.64
2026-10-07T20:00:00.696596+00:00,PHIL,KXHIGHPHIL-26OCT08,2026-10-08,b200c51ce4ee,KXHIGHPHIL-26OCT08-B79.5,4,yes,0.52,8.0,0.0101426871915768,0.5476146871915769,305.12
2026-10-07T20:00:00.696596+00:00,PHIL,KXHIGHPHIL-26OCT08,2026-10-08,b200c51ce4ee,KXHIGHPHIL-26OCT08-B73.5,1,no,0.99,59.0,0.001604772969747,0.9922977729697472,298.1
2026-10-07T20:00:00.696596+00:00,PHIL,KXHIGHPHIL-26OCT08,2026-10-08,b200c51ce4ee,KXHIGHPHIL-26OCT08-B75.5,2,no,0.93,33.0,0.0064503200810076,0.9410073200810076,188.12
2026-10-08T00:12:28.251215+00:00,LAX,KXHIGHLAX-26OCT08,2026-10-08,b200c51ce4ee,KXHIGHLAX-26OCT08-T83,0,yes,0.59,51.0,0.0388894132818096,0.6458224132818096,5824.07
2026-10-08T00:12:28.251215+00:00,LAX,KXHIGHLAX-26OCT08,2026-10-08,b200c51ce4ee,KXHIGHLAX-26OCT08-B87.5,3,no,0.97,29.0,0.0045585787645154,0.9765955787645154,1578.47
2026-10-08T00:12:28.251215+00:00,LAX,KXHIGHLAX-26OCT08,2026-10-08,b200c51ce4ee,KXHIGHLAX-26OCT08-B89.5,4,no,0.99,52.0,0.002118648533969,0.9928116485339692,2851.34
2026-10-08T00:12:28.251215+00:00,LAX,KXHIGHLAX-26OCT08,2026-10-08,b200c51ce4ee,KXHIGHLAX-26OCT08-T90,5,no,0.99,130.0,0.0041456105858088,0.9948386105858088,8158.09
2026-10-08T20:08:14.922997+00:00,NY,KXHIGHNY-26OCT09,2026-10-09,b200c51ce4ee,KXHIGHNY-26OCT09-T69,0,no,0.95,148.0,0.0166341973179379,0.969959197317938,433.35
2026-10-08T20:08:14.922997+00:00,NY,KXHIGHNY-26OCT09,2026-10-09,b200c51ce4ee,KXHIGHNY-26OCT09-B69.5,1,no,0.71,51.0,0.023536077841926,0.7479490778419261,813.17
2026-10-08T20:08:14.922997+00:00,MIA,KXHIGHMIA-26OCT09,2026-10-09,b200c51ce4ee,KXHIGHMIA-26OCT09-B90.5,3,yes,0.64,35.0,0.0308242462182025,0.6869522462182026,752.7
2026-10-08T20:08:14.922997+00:00,MIA,KXHIGHMIA-26OCT09,2026-10-09,b200c51ce4ee,KXHIGHMIA-26OCT09-B86.5,1,no,0.98,88.0,0.0056396898424995,0.9870116898424997,452.36
2026-10-08T20:08:14.922997+00:00,MIA,KXHIGHMIA-26OCT09,2026-10-09,b200c51ce4ee,KXHIGHMIA-26OCT09-B92.5,4,no,0.94,31.0,0.0079525171725152,0.9519005171725152,359.05
2026-10-08T20:08:14.922997+00:00,MIA,KXHIGHMIA-26OCT09,2026-10-09,b200c51ce4ee,KXHIGHMIA-26OCT09-T93,5,no,0.99,107.0,0.0033082387492389,0.994001238749239,453.63
2026-10-08T20:08:14.922997+00:00,PHIL,KXHIGHPHIL-26OCT09,2026-10-09,b200c51ce4ee,KXHIGHPHIL-26OCT09-B74.5,3,yes,0.45,12.0,0.0119098577417363,0.4792348577417363,560.94
2026-10-08T20:08:14.922997+00:00,PHIL,KXHIGHPHIL-26OCT09,2026-10-09,b200c51ce4ee,KXHIGHPHIL-26OCT09-T70,0,no,0.99,23.0,0.0007053922562549,0.9913983922562551,263.15
2026-10-08T20:08:14.922997+00:00,PHIL,KXHIGHPHIL-26OCT09,2026-10-09,b200c51ce4ee,KXHIGHPHIL-26OCT09-T77,5,no,0.97,78.0,0.0064014338180923,0.9784384338180924,765.28
2026-10-08T21:08:22.287600+00:00,CHI,KXHIGHCHI-26OCT09,2026-10-09,b200c51ce4ee,KXHIGHCHI-26OCT09-T71,0,no,0.49,96.0,0.0677771725820977,0.5752701725820978,1320.95
2026-10-08T21:08:22.287600+00:00,AUS,KXHIGHAUS-26OCT09,2026-10-09,b200c51ce4ee,KXHIGHAUS-26OCT09-B88.5,1,no,0.99,77.0,0.0018414512464842,0.9925344512464844,345.93
2026-10-08T21:08:22.287600+00:00,AUS,KXHIGHAUS-26OCT09,2026-10-09,b200c51ce4ee,KXHIGHAUS-26OCT09-B90.5,2,no,0.9,62.0,0.0147270758736658,0.9210270758736658,529.0
2026-10-08T22:08:23.039586+00:00,DEN,KXHIGHDEN-26OCT09,2026-10-09,b200c51ce4ee,KXHIGHDEN-26OCT09-T82,0,no,0.99,8.0,0.0002095606044943,0.9909025606044944,283.2
2026-10-08T23:14:16.010546+00:00,LAX,KXHIGHLAX-26OCT09,2026-10-09,b200c51ce4ee,KXHIGHLAX-26OCT09-T79,0,yes,0.72,246.0,0.1432558622550179,0.877367862255018,4054.2
2026-10-08T23:14:16.010546+00:00,LAX,KXHIGHLAX-26OCT09,2026-10-09,b200c51ce4ee,KXHIGHLAX-26OCT09-B81.5,2,no,0.95,47.0,0.03114525837751,0.9844702583775102,1614.5
2026-10-08T23:14:16.010546+00:00,LAX,KXHIGHLAX-26OCT09,2026-10-09,b200c51ce4ee,KXHIGHLAX-26OCT09-B83.5,3,no,0.98,75.0,0.0146178578986977,0.995989857898698,1320.38
2026-10-08T23:14:16.010546+00:00,LAX,KXHIGHLAX-26OCT09,2026-10-09,b200c51ce4ee,KXHIGHLAX-26OCT09-B85.5,4,no,0.99,28.0,0.0074497061202825,0.9981427061202828,1411.98
2026-10-08T23:14:16.010546+00:00,LAX,KXHIGHLAX-26OCT09,2026-10-09,b200c51ce4ee,KXHIGHLAX-26OCT09-T86,5,no,0.99,28.0,0.0074497061202825,0.9981427061202828,3220.41
2026-10-09T20:02:18.903394+00:00,NY,KXHIGHNY-26OCT10,2026-10-10,b200c51ce4ee,KXHIGHNY-26OCT10-B70.5,3,no,0.75,12.0,0.0053097835152898,0.7684347835152899,934.11
2026-10-09T20:02:18.903394+00:00,NY,KXHIGHNY-26OCT10,2026-10-10,b200c51ce4ee,KXHIGHNY-26OCT10-B72.5,4,no,0.98,64.0,0.0031339183320207,0.9845059183320208,535.32
2026-10-09T20:02:18.903394+00:00,MIA,KXHIGHMIA-26OCT10,2026-10-10,b200c51ce4ee,KXHIGHMIA-26OCT10-B91.5,3,yes,0.51,114.0,0.0898235440764742,0.6173165440764742,1446.6
2026-10-09T20:02:18.903394+00:00,MIA,KXHIGHMIA-26OCT10,2026-10-10,b200c51ce4ee,KXHIGHMIA-26OCT10-B87.5,1,no,0.95,144.0,0.0258629369599687,0.9791879369599688,732.69
2026-10-09T20:02:18.903394+00:00,PHIL,KXHIGHPHIL-26OCT10,2026-10-10,b200c51ce4ee,KXHIGHPHIL-26OCT10-B76.5,4,no,0.92,67.0,0.0130698868542957,0.938221886854296,79.64
2026-10-09T22:49:30.626847+00:00,CHI,KXHIGHCHI-26OCT10,2026-10-10,b200c51ce4ee,KXHIGHCHI-26OCT10-T82,5,yes,0.18,35.0,0.0209185897366049,0.2112505897366049,1906.82
2026-10-09T22:49:30.626847+00:00,CHI,KXHIGHCHI-26OCT10,2026-10-10,b200c51ce4ee,KXHIGHCHI-26OCT10-T75,0,no,0.99,178.0,0.0047887521949692,0.9954817521949694,682.43
2026-10-09T22:49:30.626847+00:00,CHI,KXHIGHCHI-26OCT10,2026-10-10,b200c51ce4ee,KXHIGHCHI-26OCT10-B75.5,1,no,0.99,94.0,0.0027066858406354,0.9933996858406354,920.03
2026-10-09T22:49:30.626847+00:00,CHI,KXHIGHCHI-26OCT10,2026-10-10,b200c51ce4ee,KXHIGHCHI-26OCT10-B77.5,2,no,0.92,81.0,0.016555894774426,0.941707894774426,1541.1
2026-10-09T22:49:30.626847+00:00,CHI,KXHIGHCHI-26OCT10,2026-10-10,b200c51ce4ee,KXHIGHCHI-26OCT10-B79.5,3,no,0.72,7.0,0.0030935566825541,0.737205556682554,1461.6
2026-10-09T22:49:30.626847+00:00,AUS,KXHIGHAUS-26OCT10,2026-10-10,b200c51ce4ee,KXHIGHAUS-26OCT10-B95.5,3,no,0.95,13.0,0.0017141589877325,0.9550391589877324,51.0
2026-10-09T22:49:30.626847+00:00,DEN,KXHIGHDEN-26OCT10,2026-10-10,b200c51ce4ee,KXHIGHDEN-26OCT10-T80,0,no,0.99,63.0,0.0013592677024389,0.9920522677024392,344.84
2026-10-09T22:49:30.626847+00:00,DEN,KXHIGHDEN-26OCT10,2026-10-10,b200c51ce4ee,KXHIGHDEN-26OCT10-B80.5,1,no,0.96,51.0,0.004173669995634,0.966861669995634,259.04
2026-10-09T22:49:30.626847+00:00,DEN,KXHIGHDEN-26OCT10,2026-10-10,b200c51ce4ee,KXHIGHDEN-26OCT10-B82.5,2,no,0.55,20.0,0.0107624373316472,0.5780874373316476,634.68
2026-10-09T23:19:31.552197+00:00,LAX,KXHIGHLAX-26OCT10,2026-10-10,b200c51ce4ee,KXHIGHLAX-26OCT10-B68.5,1,no,0.99,136.0,0.0032782220704629,0.993971222070463,1504.33
2026-10-09T23:19:31.552197+00:00,LAX,KXHIGHLAX-26OCT10,2026-10-10,b200c51ce4ee,KXHIGHLAX-26OCT10-B70.5,2,no,0.99,58.0,0.0012548884266243,0.9919478884266244,4188.52
2026-10-09T23:19:31.552197+00:00,LAX,KXHIGHLAX-26OCT10,2026-10-10,b200c51ce4ee,KXHIGHLAX-26OCT10-B72.5,3,no,0.95,71.0,0.0079910318592443,0.9613160318592444,2398.36
2026-10-09T23:19:31.552197+00:00,LAX,KXHIGHLAX-26OCT10,2026-10-10,b200c51ce4ee,KXHIGHLAX-26OCT10-B74.5,4,no,0.86,39.0,0.0107753073855214,0.8792033073855214,2226.42
2026-10-10T23:33:40.838578+00:00,LAX,KXHIGHLAX-26OCT11,2026-10-11,b200c51ce4ee,KXHIGHLAX-26OCT11-B74.5,3,no,0.89,55.0,0.0129722894158812,0.9098252894158813,1339.92
2026-10-10T23:33:40.838578+00:00,LAX,KXHIGHLAX-26OCT11,2026-10-11,b200c51ce4ee,KXHIGHLAX-26OCT11-B76.5,4,no,0.97,124.0,0.0089341976429997,0.9809711976429996,587.88
2026-10-10T23:33:40.838578+00:00,LAX,KXHIGHLAX-26OCT11,2026-10-11,b200c51ce4ee,KXHIGHLAX-26OCT11-T77,5,no,0.99,158.0,0.0038412145169509,0.994534214516951,2735.3
2026-10-10T23:33:40.838578+00:00,DEN,KXHIGHDEN-26OCT11,2026-10-11,b200c51ce4ee,KXHIGHDEN-26OCT11-B82.5,3,yes,0.5,18.0,0.01621844908934922,0.5337184490893492,583.99
2026-10-10T23:33:40.838578+00:00,DEN,KXHIGHDEN-26OCT11,2026-10-11,b200c51ce4ee,KXHIGHDEN-26OCT11-T78,0,no,0.98,37.0,0.0023380057972844925,0.9837100057972845,851.59
2026-10-10T23:33:40.838578+00:00,DEN,KXHIGHDEN-26OCT11,2026-10-11,b200c51ce4ee,KXHIGHDEN-26OCT11-B78.5,1,no,0.95,34.0,0.00549980047472487,0.9588248004747247,144.48
